1,google.com
2,youtube.com
3,facebook.com
4,baidu.com
5,wikipedia.org
6,yahoo.com
7,google.co.in
8,reddit.com
9,qq.com
10,amazon.com
11,taobao.com
12,google.co.jp
13,twitter.com
14,tmall.com
15,vk.com
16,live.com
17,instagram.com
18,sohu.com
19,sina.com.cn
20,jd.com
21,weibo.com
22,360.cn
23,google.de
24,google.co.uk
25,google.ru
26,google.fr
27,linkedin.com
28,google.com.br
29,list.tmall.com
30,google.com.hk
31,yandex.ru
32,netflix.com
33,google.it
34,yahoo.co.jp
35,google.es
36,t.co
37,ebay.com
38,pornhub.com
39,imgur.com
40,google.ca
41,alipay.com
42,twitch.tv
43,google.com.mx
44,bing.com
45,xvideos.com
46,youth.cn
47,msn.com
48,tumblr.com
49,ok.ru
50,aliexpress.com
51,microsoft.com
52,mail.ru
53,gmw.cn
54,hao123.com
55,wordpress.com
56,stackoverflow.com
57,onclkds.com
58,github.com
59,csdn.net
60,imdb.com
61,amazon.co.jp
62,livejasmin.com
63,blogspot.com
64,wikia.com
65,google.com.au
66,office.com
67,microsoftonline.com
68,apple.com
69,pinterest.com
70,google.com.tw
71,paypal.com
72,xhamster.com
73,whatsapp.com
74,google.com.tr
75,google.co.id
76,google.pl
77,popads.net
78,detail.tmall.com
79,nicovideo.jp
80,bongacams.com
81,diply.com
82,adobe.com
83,google.com.ar
84,coccoc.com
85,thepiratebay.org
86,amazon.de
87,txxx.com
88,googleusercontent.com
89,craigslist.org
90,amazon.in
91,dropbox.com
92,google.com.ua
93,so.com
94,tianya.cn
95,xnxx.com
96,booking.com
97,pixnet.net
98,google.com.pk
99,uptodown.com
100,porn555.com
101,amazon.co.uk
102,rakuten.co.jp
103,fc2.com
104,cnn.com
105,soso.com
106,savefrom.net
107,bbc.co.uk
108,bbc.com
109,google.com.sa
110,google.nl
111,google.com.eg
112,nytimes.com
113,soundcloud.com
114,k618.cn
115,google.co.za
116,amazonaws.com
117,ask.com
118,quora.com
119,espn.com
120,google.co.ve
121,ettoday.net
122,salesforce.com
123,dailymotion.com
124,naver.com
125,google.co.th
126,adf.ly
127,detik.com
128,china.com
129,tribunnews.com
130,onlinesbi.com
131,ebay.de
132,chase.com
133,fbcdn.net
134,stackexchange.com
135,blogger.com
136,zhihu.com
137,vice.com
138,vimeo.com
139,google.com.sg
140,theguardian.com
141,ebay.co.uk
142,thestartmagazine.com
143,chaturbate.com
144,roblox.com
145,openload.co
146,avito.ru
147,steamcommunity.com
148,google.be
149,buzzfeed.com
150,google.co.kr
151,google.gr
152,google.se
153,cnet.com
154,providr.com
155,xinhuanet.com
156,google.com.ph
157,mediafire.com
158,ladbible.com
159,codeonclick.com
160,mozilla.org
161,google.cn
162,aparat.com
163,blastingnews.com
164,cpm20.com
165,globo.com
166,dailymail.co.uk
167,spotify.com
168,indeed.com
169,force.com
170,iwanttodeliver.com
171,washingtonpost.com
172,alibaba.com
173,google.az
174,pinimg.com
175,daikynguyenvn.com
176,flipkart.com
177,sogou.com
178,deviantart.com
179,google.com.ng
180,redd.it
181,slideshare.net
182,google.at
183,walmart.com
184,nih.gov
185,softonic.com
186,babytree.com
187,yelp.com
188,uol.com.br
189,twimg.com
190,godaddy.com
191,popcash.net
192,etsy.com
193,bet365.com
194,google.co.ao
195,wikihow.com
196,doubleclick.net
197,1688.com
198,w3schools.com
199,discordapp.com
200,tokopedia.com
201,4chan.org
202,gamepedia.com
203,google.ch
204,redtube.com
205,slack.com
206,google.cl
207,utorrent.com
208,steampowered.com
209,amazon.fr
210,bankofamerica.com
211,hclips.com
212,redonetype.com
213,china.com.cn
214,mercadolivre.com.br
215,bp.blogspot.com
216,google.cz
217,youm7.com
218,google.no
219,upornia.com
220,abs-cbn.com
221,messenger.com
222,amazon.it
223,ikea.com
224,google.com.co
225,metropcs.mobi
226,mama.cn
227,google.com.vn
228,google.ae
229,9gag.com
230,wellsfargo.com
231,trello.com
232,people.com.cn
233,fmovies.is
234,gfycat.com
235,douyu.com
236,indiatimes.com
237,google.pt
238,blogspot.co.id
239,myway.com
240,39.net
241,rambler.ru
242,zillow.com
243,kakaku.com
244,youporn.com
245,forbes.com
246,tripadvisor.com
247,battle.net
248,cnblogs.com
249,outbrain.com
250,mega.nz
251,ameblo.jp
252,bilibili.com
253,huffingtonpost.com
254,kinogo.club
255,google.ie
256,github.io
257,huanqiu.com
258,spotscenered.info
259,speedtest.net
260,google.ro
261,bitmedianetwork.com
262,livejournal.com
263,yts.ag
264,rarbg.to
265,foxnews.com
266,leboncoin.fr
267,ltn.com.tw
268,google.dk
269,liputan6.com
270,bitauto.com
271,aol.com
272,businessinsider.com
273,spankbang.com
274,breitbart.com
275,google.fi
276,gostream.is
277,2ch.net
278,caijing.com.cn
279,google.com.pe
280,archive.org
281,aliyun.com
282,amazon.cn
283,daum.net
284,weather.com
285,bestbuy.com
286,livedoor.com
287,allegro.pl
288,torrentz2.eu
289,scribd.com
290,amazon.es
291,ebay-kleinanzeigen.de
292,files.wordpress.com
293,kompas.com
294,freepik.com
295,google.dz
296,onlinevideoconverter.com
297,eastday.com
298,wetransfer.com
299,shutterstock.com
300,google.co.il
301,airbnb.com
302,feedly.com
303,adexchangeprediction.com
304,bet9ja.com
305,xfinity.com
306,sberbank.ru
307,wikimedia.org
308,elfagr.org
309,subject.tmall.com
310,videodownloadconverter.com
311,hdzog.com
312,kinopoisk.ru
313,giphy.com
314,setn.com
315,bukalapak.com
316,medium.com
317,genius.com
318,zendesk.com
319,rutracker.org
320,blogspot.in
321,performanceadexchange.com
322,telegram.org
323,varzesh3.com
324,rolloid.net
325,gearbest.com
326,flickr.com
327,zippyshare.com
328,skype.com
329,irctc.co.in
330,digikala.com
331,thesaurus.com
332,kissanime.ru
333,hotstar.com
334,iqoption.com
335,reimageplus.com
336,wordreference.com
337,researchgate.net
338,ign.com
339,google.kz
340,blogspot.com.br
341,sabah.com.tr
342,google.sk
343,1337x.to
344,orange.fr
345,naver.jp
346,gmx.net
347,mailchimp.com
348,amazon.ca
349,youtube-mp3.org
350,streamable.com
351,sourceforge.net
352,web.de
353,google.hu
354,ouo.io
355,speakol.com
356,hulu.com
357,office365.com
358,iqiyi.com
359,telegraph.co.uk
360,ci123.com
361,ndtv.com
362,samsung.com
363,olx.ua
364,weebly.com
365,u1trkqf.com
366,oracle.com
367,hatenablog.com
368,usps.com
369,goodreads.com
370,rednet.cn
371,asos.com
372,coinmarketcap.com
373,blog.jp
374,livedoor.jp
375,atlassian.net
376,hola.com
377,wordpress.org
378,gamefaqs.com
379,hp.com
380,target.com
381,independent.co.uk
382,subscene.com
383,kaskus.co.id
384,goo.ne.jp
385,duckduckgo.com
386,icloud.com
387,rt.com
388,doublepimp.com
389,thewhizmarketing.com
390,homedepot.com
391,beeg.com
392,youdao.com
393,canva.com
394,accuweather.com
395,capitalone.com
396,elpais.com
397,tfetimes.com
398,gismeteo.ru
399,americanexpress.com
400,google.com.kw
401,mobilemonetize.me
402,onet.pl
403,marca.com
404,incometaxindiaefiling.gov.in
405,ups.com
406,merdeka.com
407,userapi.com
408,rottentomatoes.com
409,uidai.gov.in
410,udemy.com
411,appspot.com
412,media.tumblr.com
413,leagueoflegends.com
414,taboola.com
415,hatena.ne.jp
416,sciencedirect.com
417,wittyfeed.com
418,camdolls.com
419,boredpanda.com
420,taleo.net
421,evernote.com
422,nasa.gov
423,repubblica.it
424,dmm.co.jp
425,mercadolibre.com.ar
426,nownews.com
427,onclickmax.com
428,naij.com
429,shopify.com
430,gizmodo.com
431,pipeschannels.com
432,hdfcbank.com
433,intuit.com
434,gyazo.com
435,bloomberg.com
436,reverso.net
437,clicksgear.com
438,go.com
439,patch.com
440,getadblock.com
441,momoshop.com.tw
442,instructure.com
443,fiverr.com
444,line.me
445,friv.com
446,dell.com
447,google.co.nz
448,cloudfront.net
449,box.com
450,gamer.com.tw
451,wp.pl
452,vporn.com
453,fedex.com
454,huaban.com
455,haber7.com
456,manoramaonline.com
457,spiegel.de
458,behance.net
459,glassdoor.com
460,hotmovs.com
461,flirt4free.com
462,onedio.com
463,free.fr
464,shink.in
465,slickdeals.net
466,ytimg.com
467,jabong.com
468,themeforest.net
469,pandora.com
470,theverge.com
471,seasonvar.ru
472,ensonhaber.com
473,zoho.com
474,rediff.com
475,jrj.com.cn
476,patreon.com
477,mlb.com
478,urbandictionary.com
479,billdesk.com
480,wix.com
481,t-online.de
482,google.lk
483,ebay.it
484,upwork.com
485,asdfg.pro
486,kapanlagi.com
487,yadi.sk
488,citi.com
489,timeanddate.com
490,dingit.tv
491,comcast.net
492,seznam.cz
493,doublepimpssl.com
494,yandex.ua
495,reuters.com
496,goal.com
497,alicdn.com
498,groupon.com
499,eskimi.com
500,mi.com
